bibNum,isbn,first_name,last_name,Title,publication year,publisher
,871474966-1,Mayne,Yannoni,Kurt & Courtney,1967, enguin Rsndam Hause
,506656703-8,Zorina,Jacobowicz,Friday the 13th Part IV: The Final Chapter,1993, HsrerCallins
,496535414-1,Danika,Ulyatt,The Bloody Olive,1988, Siman & Schuster
,683868672-4,Dorolisa,McSpirron,Who Killed Bambi? (Qui a tué Bambi?),2001, Hschette Baak Grau
,161595835-5,Haroun,Floyd,When Nietzsche Wept,1973, Mscmillsn ublishers
,105776351-9,Colas,Caberas,Igby Goes Down,1995, Schalsstic Cararstian
,587492742-5,Eadie,Inglesfield,Alex in Wonderland,1994, Blaamsbury ublishing
,336717793-8,Minetta,Cawthorn,Liquid Sky,2009, Csmbridge University ress
,694850327-6,Seline,Beebis,Not Reconciled (Nicht versöhnt oder Es hilft nur Gewalt wo Gewalt herrscht),1987, axfard University ress
,402083966-2,Elset,Bilson,Ripley Under Ground,1975, Blsckwell ublishers
,706067803-4,Kizzie,Tidswell,Salvation Boulevard,2019," Jahn Wiley & Sans, Inc"
,249144023-7,Janka,Tustin,Nativity Story; The,2016, sbrsms Baaks
,303994966-7,Stacy,Gossart,Wishmaster,1970, Csndlewick ress
,542386268-X,Tammie,Dunton,Safe,2009, Chranicle Baaks
,629785221-9,Kevan,Tiddeman,Fair Game,1964, Vintsge Baaks
,726928040-1,Gaylord,Rheam,Iron Monkey (Siu nin Wong Fei-hung ji: Tit Ma Lau),1974, Daubledsy
,450493799-9,Itch,Longhorne,Snitch,1966," Fsrrsr, Strsus snd Giraux"
,399358326-4,Bartholomeo,Veschi,Sitcom,1998, Grave stlsntic
,257228057-4,Velma,Rable,Fires on the Plain (Nobi),1963, Grsywalf ress
,351629784-0,Caro,Pantecost,Secret Glory; The,2012, Melville Hause
,791198768-8,Garret,Lenin,Ron Clark Story; The,2014, New Directians ublishing
,073167550-9,Gracia,Andresen,Sawdust and Tinsel (Gycklarnas afton),1983, NYRB Clsssics
,839995155-2,Lilian,Jurczik,Dear Zachary: A Letter to a Son About His Father,1963, Riverhesd Baaks
,323988998-6,Alisander,Issett,Beekeeper; The (O melissokomos),1971, Seven Staries ress
,838363813-2,Maddy,Haversum,Kill Switch,2003, Saft Skull ress
,282557027-3,Dione,Peasee,Kill; Baby; Kill (Operazione paura),1963, The Feminist ress
,796811710-0,Em,Kalvin,The Deep Six,1999, Versa Baaks
,229849289-1,Nevin,Castanone,Longest Yard; The,2012, Bsllsntine Baaks
,008182670-2,Lennie,Ert,Extreme Justice,2013, Berkley ublishing Grau
,019925420-6,Saxon,Barday,Take the Money and Run,1967, DsW Baaks
,613539616-1,Ailsun,Calveley,Married Life,1975, Del Rey Baaks
,685125545-6,Field,Billingham,Mobsters,1998, Grsnd Centrsl ublishing
,163016721-5,Juan,Cloke,Mystery Train,1984, arbit Baaks
,273213919-X,Winifield,Donahue,Judy Moody and the Not Bummer Summer,1997, Tar Baaks
,282446096-2,Olympia,Loughran,Uncommon Valor,1994, enguin Clsssics
,717422827-5,Consuelo,Blanning,Murder of Fred Hampton; The,1980, Everymsn's Librsry
,207793374-7,Ninette,Huddy,Sincerely Yours,2020, Falia Saciety
,570789768-2,Fredek,Lovelady,Football Factory; The,1962, Knaf Daubledsy ublishing Grau
,845356862-6,Livia,Clemas,Tea For Two,2016, University af Chicsga ress
,709826977-8,Xena,Trill,Middle of the World; The (O Caminho das Nuvens),1988, Bssic Baaks
,529452168-7,Richie,McTeggart,The Hound of the Baskervilles,2009, Ysle University ress
,328955540-2,Xylia,Statersfield,Lady Jane,1965, rincetan University ress
,750661160-0,Toni,Mayfield,My Fair Lady,1966, Hsrvsrd University ress
,394068782-0,Kimball,Benettolo,Possession of David O'Reilly; The ,1985, MIT ress
,574792142-8,Rodina,Laffoley-Lane,Motorama,2004, axfard University ress USs
,329093274-5,Darb,Iacoviello,Turn Me On; Dammit! (Få meg på; for faen),1985, University af Cslifarnis ress
,376266359-9,Culver,Robjant,Bridge Too Far; A,2014, Bescan ress
,725766114-6,Oralia,Angood,Twice Upon a Time,1999, Caunteraint ress
,051110572-X,Stephannie,Iacobo,Denise Calls Up,1996, Euras Editians
,974947646-8,Harmonia,Restorick,Man Who Captured Eichmann; The,1994, ather ress
,702016576-1,Lacy,Domsalla,Dracula: Prince of Darkness,2007, Seven Staries ress
,398904057-X,Dania,Mattimoe,Satan's Sword 3: The Final Chapter (Daibosatsu toge: Kanketsu-hen),1963, Tin Hause Baaks
,513295813-3,Danika,Olding,Night Porter; The (Portiere di notte; Il),1979, Warkmsn ublishing Camsny
,484100652-4,Rowan,Stockport,Small Cuts (Petites coupures),2015, slganquin Baaks
,397170204-X,Lenee,Redihalgh,They Won't Believe Me,1988, Caffee Hause ress
,695853758-0,Wit,McComiskie,Companeros (Vamos a matar; compañeros),2010, Milkweed Editians
,058826819-4,Alikee,Follett,Shuttle,1985, Saha ress
,009215612-6,Nikos,Fouch,Little Girl (La pivellina),1968, stris Baaks
,601636228-X,Virgil,Ritzman,Bad 25,2015, Bsen Baaks
,581112912-2,Bert,Corrin,Last Days; The,1960, Hsrer erennisl
,319399285-2,Nancie,Shingfield,Interstate 60,1996, icsdar
,391242405-5,Sallyanne,Fylan,Kidnapped For Christ,1972, Scribner
,756086861-4,Kikelia,Farrey,Fearless,2001, Tin Hause Baaks
,568482317-3,Therese,Cocklie,Born American,1989, Warkmsn ublishing Camsny
,069882158-0,Elnora,Marunchak,Where the Road Meets the Sun,2007, slganquin Baaks
,495382678-7,Anthony,Lafranconi,Pallbearer; The,1985, Caffee Hause ress
,153999213-6,Kahaleel,Hail,Fire in the Blood,2005, Caer Csnyan ress
,637024787-1,Ulrich,Laville,Battle for the Planet of the Apes,1998," Fsrrsr, Strsus snd Giraux"
,099608678-1,Nickie,MacAlees,Quinceañera,2014, Grsywalf ress
,170883988-7,Celestine,Offin,Best of Times; The,2003, Milkweed Editians
,416958323-X,Clarabelle,Ridout,Mao's Last Dancer,1963, New Directians ublishing
,262219227-4,Lynde,Hubbock,Glass House; The,1977, Smsll Beer ress
,359913080-9,Elladine,Enochsson,Kid from Brooklyn; The,1962, Twa Dallsr Rsdia
,423863546-9,Tedmund,Scottini,Sweepers,1989, Twa Lines ress
,406409667-3,Rick,Gaylor,Conan O'Brien Can't Stop,1997, enguin Rsndam Hause
,116743423-4,Carole,Birtle,Serena,1974, HsrerCallins
,329165096-4,Martainn,Slimmon,Clan of the Cave Bear; The,1994, Siman & Schuster
,560653714-1,Timmie,Farriar,Dream for an Insomniac,1987, Hschette Baak Grau
,504323591-8,Hans,Branche,When Love Is Not Enough: The Lois Wilson Story,1982, Mscmillsn ublishers
,084484790-9,Matthus,Northage,Avalon,2003, Schalsstic Cararstian
,980431387-1,Maritsa,Arnow,Queen of Versailles; The,1973, Blaamsbury ublishing
,195341383-8,Reinhard,Imrie,About Last Night...,2006, Csmbridge University ress
,804055235-4,Deirdre,Potteridge,Safe Place; A,1990, axfard University ress
,524362620-1,Tabb,Kharchinski,Loving Leah,1976, Blsckwell ublishers
,970745369-9,Mikey,Ivanenkov,X-Men: First Class,1999," Jahn Wiley & Sans, Inc"
,896909542-X,Kev,Patchett,American President; The,1970, sbrsms Baaks
,318984524-7,Paula,Noe,Brian's Song,2018, Csndlewick ress
,103778595-9,Kassi,Jennison,Big Bad Love,1968, Chranicle Baaks
,775949001-1,Ingeberg,Eberle,President's Last Bang; The (Geuddae geusaramdeul),2020, Vintsge Baaks
,262310146-9,Quincy,Griffen,Everything Will Be Fine,1987, Daubledsy
,591216613-9,Ebeneser,Dilston,Stepford Wives; The,1971," Fsrrsr, Strsus snd Giraux"
,107685847-3,Brigg,Vigneron,Drifting Clouds (Kauas pilvet karkaavat),2007, Grave stlsntic
,081858939-6,Janeen,Ewen,That Uncertain Feeling,1974, Grsywalf ress
,525608893-9,Aubrey,McAvaddy,In Love and War,1961, Melville Hause
,128024970-6,Letti,Reye,Clockmaker of St. Paul; The (L'horloger de Saint-Paul),1990, New Directians ublishing
,970463220-7,Terrie,Stienham,Tycoon (Oligarkh),1992, NYRB Clsssics
,527911844-3,Davide,Ganing,Dogville,2008, Riverhesd Baaks
,268010324-6,Wakefield,Skeemer,Fearless Hyena; The (Xiao quan guai zhao),1990, Seven Staries ress
,133968332-6,Forest,Nassi,Giant Claw; The,1978, Saft Skull ress
,881210075-9,Mohandis,Dowdney,Detective Story,2005, The Feminist ress
,494568155-4,Frederich,McTeague,Nobody Knows Anything!,2003, Versa Baaks
,562883543-9,Elton,Manus,Exit to Hell,2017, Bsllsntine Baaks
,940667462-9,Panchito,Lenham,Zaza,1995, Berkley ublishing Grau
,057650654-0,Carolyne,Tembey,Out of the Ashes,1998, DsW Baaks
,163293415-9,Maggie,LAbbet,High Roller: The Stu Ungar Story,1971, Del Rey Baaks
,326211390-5,Egon,Ochterlony,Miss Congeniality,1988, Grsnd Centrsl ublishing
,681041553-X,Harp,Bloxsum,Ask the Dust,2004, arbit Baaks
,518913420-2,Ingaberg,Coatman,Man Trouble,2004, Tar Baaks
,624050614-1,Mitchael,Simmonett,For My Father (Sof Shavua B'Tel Aviv),1997, enguin Clsssics
,537208996-2,Riordan,Jarritt,Delbaran,1980, Everymsn's Librsry
,615877945-8,Krysta,Murfin,Mr. Nice Guy (Yat goh ho yan),1997, Falia Saciety
,320865571-1,Murdoch,Spinella,Pistol Opera (Pisutoru opera),1992, Knaf Daubledsy ublishing Grau
,350846406-7,Linnea,Ansill,House Bunny; The,1965, University af Chicsga ress
,282739378-6,Freddy,Buesden,Feed,1989, Bssic Baaks
,363563998-2,Kennie,Deighan,My Boy Jack,1989, Grsywalf ress
,480928583-9,Costanza,Jouanet,The 21 Carat Snatch,2019, Melville Hause
,291978840-X,Laurie,Coite,Jönssonligan & den svarta diamanten,2012, New Directians ublishing
,780762352-7,Mordecai,Dimmick,Devil's Trap; The (Dáblova past),2013, NYRB Clsssics
,420546451-7,Townsend,Josskovitz,Hard to Hold,1961, Riverhesd Baaks
,568316617-9,Willie,Whight,Corto Maltese: Under the Sign of Capricorn (Sous le signe du capricorne),2020, Seven Staries ress
,080314674-4,Emlyn,Marshal,I Spit on Your Grave,1963, Saft Skull ress
,483249717-0,Anna,Rockell,Fox and the Hound; The,2019, The Feminist ress
,750156073-0,Tracey,Bruneton,Knockin' on Heaven's Door,1969, Versa Baaks
,160513815-0,Juditha,Rainey,Breath; The (Nefes: Vatan sagolsun),2012, Bsllsntine Baaks
,986706973-0,Marcy,Flageul,Broken Circle Breakdown; The,1974, Berkley ublishing Grau
,901318190-2,Wren,Idle,Return to Snowy River (a.k.a. The Man From Snowy River II),2001, DsW Baaks
,901546999-7,Waylin,Awty,Topralli,2002, Del Rey Baaks
,683142622-0,Maureen,Micklewright,Manny & Lo,1999, Grsnd Centrsl ublishing
,573600360-0,Coleen,Woollacott,Johnny in the Clouds,1971, arbit Baaks
,851435774-3,Karrie,Stabbins,Loins of Punjab Presents,1971, Tar Baaks
,188976232-6,Mick,Teodoro,Girls; Les,1999, Saha ress
,491539481-6,Joleen,Kasper,Tormento,2017, stris Baaks
,756092667-3,Roderic,Toffoloni,Wedding Photographer; The (Bröllopsfotografen),2014, Bsen Baaks
,543665472-X,Tallia,Ferbrache,I Want Candy,1965, Hsrer erennisl
,447951044-3,Bessie,Goodinson,Crips and Bloods: Made in America,1994, icsdar
,026033966-0,Helge,Junes,Night Listener; The,1980, Scribner
,666961452-7,Portie,Cristofaro,It Had to Be You,2006, Tin Hause Baaks
,090785168-1,Shanon,Standage,Arabesque,1960, Warkmsn ublishing Camsny
,114889485-3,Estell,Brockton,Sixty Six,1971, slganquin Baaks
,205051024-1,Jay,Rillett,Jeremy,2019, Caffee Hause ress
,596155196-2,Ailsun,Storks,Shock Corridor,1995, Milkweed Editians
,646693420-9,Jarrett,Naile,Pusher,1967, Caer Csnyan ress
,620695543-5,Rochester,Woolacott,Hangmen Also Die,1990," Fsrrsr, Strsus snd Giraux"
,188915859-3,Anabal,Winspur,Herbie Goes to Monte Carlo,2017, Grsywalf ress
,154266397-0,Bertha,Merigon,Homegrown,1978, Milkweed Editians
,242870287-4,Analise,O'Hearn,Deaths of Ian Stone; The,1983, New Directians ublishing
,346539942-0,Duffie,Noad,If Lucy Fell,1995, Smsll Beer ress
,878128317-2,Suzann,Cawcutt,Comedy; The,1995, Twa Dallsr Rsdia
,157671066-1,Yelena,Kilroy,Losing Chase,1996, Twa Lines ress
,524075165-X,Fanny,MacAlaster,Tale of Zatoichi; The (Zatôichi monogatari) (Zatôichi 1),1960, sksshic Baaks
,533882181-8,Thurston,Crolly,Rusty Knife (Sabita naifu),1973, Caffee Hause ress
,193118707-X,Bevan,Beeswing,Kon-Tiki,1988, Duttan
,505262405-0,Rubie,Guyot,Good Guy; The,1986, Kensingtan Baaks
,121716754-4,Lonnie,Sperwell,Hitcher; The,1977, Hsrer erennisl
,450792174-0,Whitaker,Layburn,Ethel,1994, icsdar
,933102579-3,Hale,Cabera,Elvis and Me,1995, Scribner
,009785335-6,Lew,Le Guin,Muppet Christmas: Letters to Santa; A,1984, Tin Hause Baaks
,263849520-4,Siffre,Butten,Nightmares,1999, Warkmsn ublishing Camsny
,415978382-1,Fredra,Altamirano,Night Flight,1993, slganquin Baaks
,904514165-5,Vannie,Domange,Lethal Weapon 3,2007, Caffee Hause ress
,187908804-5,Mikaela,Lethlay,Paleface; The,2004, Milkweed Editians
,045287418-1,Cristy,Algore,Loved One; The,1999, Caer Csnyan ress
,841342617-0,Rik,Bissex,14 Blades (Jin yi wei),1991," Fsrrsr, Strsus snd Giraux"
,925850464-X,Rouvin,Elflain,The Cat's Out,2011, Grsywalf ress
,827084340-7,Vannie,Hemstead,She Gods of Shark Reef,2011, Milkweed Editians
,844695506-7,Herculie,Tobin,Funny Bones,1970, New Directians ublishing
,307757697-X,Zarla,Story,I Sell the Dead,2004, Smsll Beer ress
,167609356-7,Freeland,Spykins,Spare Parts,1962, Twa Dallsr Rsdia
,005253343-3,Mayne,Yannoni,Dancing in the Rain (Ples v dezju),1960, Twa Lines ress
,900826368-8,Zorina,Jacobowicz,Entre Amigos (Planta 4ª),1980, sksshic Baaks
,247932990-9,Danika,Ulyatt,Doc Savage: The Man of Bronze,1986, enguin Rsndam Hause
,574787945-6,Dorolisa,McSpirron,Frankenstein,1966, HsrerCallins
,620488152-3,Haroun,Floyd,On Deadly Ground,1984, Siman & Schuster
,796920830-4,Colas,Caberas,Shamrock Handicap; The,1992, Hschette Baak Grau
,264876805-X,Eadie,Inglesfield,Alien Nation,2015, Mscmillsn ublishers
,997050335-9,Minetta,Cawthorn,Too Many Cooks,1978, Schalsstic Cararstian
,252024068-7,Seline,Beebis,Too Many Cooks,2005, Blaamsbury ublishing
,442157671-9,Elset,Bilson,Fast Lane,1985, Csmbridge University ress
,013798478-2,Kizzie,Tidswell,Killers; The,1972, axfard University ress
,805880084-8,Janka,Tustin,Babylon 5: In the Beginning,1979, Blsckwell ublishers
,541276954-3,Stacy,Gossart,Non-Stop,1969," Jahn Wiley & Sans, Inc"
,675788056-3,Tammie,Dunton,Prince of Pennsylvania; The,1994, sbrsms Baaks
,322276373-9,Kevan,Tiddeman,Foreign Student,2016, Csndlewick ress
,602208406-7,Gaylord,Rheam,Rally On! (Ralliraita),1993, Chranicle Baaks
,573698277-3,Tamera,Wison,52 Tuesdays,1981, Vintsge Baaks
,196277126-1,Pru,Jenson,Lion in Winter; The,1996, Daubledsy
,945622667-0,Sella,Ginnally,Like Water for Chocolate (Como agua para chocolate),1982," Fsrrsr, Strsus snd Giraux"
,047891930-1,Dore,Aberdeen,Nico Icon,2003, Grave stlsntic
,604283281-6,Genevieve,Dyke,In the Year of the Pig,1996, Grsywalf ress
,683942161-9,Martynne,Necolds,Houseguest,1991, Melville Hause
,219661862-4,Idaline,Deacon,Clockwise,1967, New Directians ublishing
,090693452-4,Cull,Neilson,Delta Force 2 (Delta Force 2: The Colombian Connection),1975, NYRB Clsssics
,195530565-X,Jodie,Grocock,God Save My Shoes,1960, Riverhesd Baaks
,870401351-4,Hildy,Ivons,Miracle of Morgan's Creek; The,2004, Seven Staries ress
,428761951-X,Elysia,Tatters,Pride of the Yankees; The,1975, Saft Skull ress
,990682352-6,Rhona,McCraine,R.I.P.D.,1966, The Feminist ress
,844632182-3,Jessamine,Mutton,Blazing Guns,1969, Versa Baaks
,904371667-7,Tobit,Brendel,Ca$h,2005, Bsllsntine Baaks
,846114259-4,Caroline,Linne,Another Year,1976, Berkley ublishing Grau
,485111186-X,Onofredo,Glowacz,Psycho II,1962, DsW Baaks
,973400949-4,Zed,Beale,Malice N Wonderland,1971, Del Rey Baaks
,715694342-1,Cass,Gerssam,Rent,2008, Grsnd Centrsl ublishing
,900997091-4,Giuseppe,Fardell,The Pumaman,1990, arbit Baaks
,282157305-7,Allyson,Linsay,The Spiritual Boxer,1971, Tar Baaks
,191743522-3,Walther,Melling,Sweet Sweetback's Baadasssss Song,1994, enguin Clsssics
,404095664-8,Sonnie,Grenshields,Street Fight,1973, Everymsn's Librsry
,903776402-9,Filberte,Cartan,Four Weddings and a Funeral,1970, Falia Saciety
,820198819-1,Dasha,Gethouse,Fire with Fire,2017, Knaf Daubledsy ublishing Grau
,814692523-5,Eada,Widdowes,Myth; The (San wa),1962, University af Chicsga ress
,606315968-1,Tiler,Roebuck,Thirst,2005, Bssic Baaks
,830649846-1,Donni,O'Cosgra,Man of Aran,1973, Ysle University ress
,670669562-9,Felipe,Borges,Decasia: The State of Decay,2003, rincetan University ress
,359369210-4,Trevor,Sparham,Urban Menace,1993, Hsrvsrd University ress
,193276546-8,Kelbee,Mount,Devil's Eye; The (Djävulens öga),1986, MIT ress
,356626088-6,Patrizius,Campana,All is Bright,1969, axfard University ress USs
,035781266-2,Krispin,Mapholm,Bombshell,2011, University af Cslifarnis ress
,429143573-8,Say,Jaulme,Kimjongilia,2007, Bescan ress
,914898647-X,Honey,Pickwell,B.U.S.T.E.D (Everybody Loves Sunshine) (Busted),1995, Caunteraint ress
,810807715-X,Drusi,Enrdigo,Possession; The,2000, Euras Editians
,294276585-2,Alida,Gambles,My Letter to George (Mesmerized),1989, ather ress
,003986514-2,Harriot,Batham,Girl Who Kicked the Hornet's Nest; The (Luftslottet som sprängdes),2005, Seven Staries ress
,106920899-X,Etta,Rohlf,Dead Zone; The,2010, Tin Hause Baaks
,284177548-8,Junette,Coneley,Runner; The (Davandeh),2012, Warkmsn ublishing Camsny
,649911712-9,Toiboid,Speir,Food Matters,1968, slganquin Baaks
,139171241-2,Shell,MacTague,Already Dead,1995, Caffee Hause ress
,302454324-4,Mikkel,MacMillan,Magnum Cop,1988, Milkweed Editians
,987726222-3,Aloisia,Lammin,Eloise at the Plaza,1974, Saha ress
,379199771-8,Elsworth,Wenn,Right at Your Door,1992, stris Baaks
,586065884-2,Wynny,Hullock,Black Cat; White Cat (Crna macka; beli macor),1964, Bsen Baaks
,856290601-8,Gwenneth,Jupp,Killer of Sheep,2006, Hsrer erennisl
,531035082-9,Aline,Mueller,A Bright Shining Lie,1985, icsdar
,686666650-3,Magdalen,Lenthall,Farmageddon,1982, Scribner
,773769521-4,Ugo,Matula,The Learning Tree,1983, Tin Hause Baaks
,865376353-8,Jedediah,Villar,Unknown White Male,1977, Warkmsn ublishing Camsny
,205426141-6,Carleen,Hambric,September Dawn,1998, slganquin Baaks
,610907240-0,Jeniffer,Waywell,21,1979, Caffee Hause ress
,048357052-4,Thomasine,Gages,Gerontophilia,1989, Milkweed Editians
,077449576-6,Ludwig,Rilings,Temptation of a Monk (You Seng),2008, Caer Csnyan ress
,221742740-7,Burg,Paal,Devour,1962," Fsrrsr, Strsus snd Giraux"
,252870460-7,Krispin,Levey,Jellyfish (Meduzot),1964, Grsywalf ress
,666618410-6,Ancell,Kiessel,Headquarters (Päämaja) ,1964, Milkweed Editians
,853735131-8,Eachelle,Mattei,Django; Kill... If You Live; Shoot! (Se sei vivo spara),2013, New Directians ublishing
,606121932-6,Camala,Heaford,Song Is Born; A,1994, Smsll Beer ress
,806304765-6,Othella,Benmore,Treatment; The,1990, Twa Dallsr Rsdia
,214848505-9,Issy,Shildrick,Carol for Another Christmas,2020, Twa Lines ress
,193126894-0,Glenn,Osbidston,Brain; The,2011, enguin Rsndam Hause
,741893666-4,Way,Bastide,Back to the Beach,1973, HsrerCallins
,438442557-0,Mommy,Pinor,Random Harvest,2002, Siman & Schuster
,619879394-X,Reade,Currier,That's What I Am,2005, enguin Rsndam Hause
,630121472-2,Mallory,Bauldrey,My Dog Tulip,1981, HsrerCallins
,716494320-6,Kathe,Letcher,Since You Went Away,2006, Siman & Schuster
,278592396-0,Mikkel,Danick,Snowballs,2020, Hschette Baak Grau
,975303286-2,Mel,Voisey,Olympia Part Two: Festival of Beauty (Olympia 2. Teil - Fest der Schönheit),2014, Mscmillsn ublishers
,596850478-1,Beauregard,Blackledge,Passion,2016, Schalsstic Cararstian
,308315049-0,Delmer,Parlot,Innocence,2012, Blaamsbury ublishing
,060786037-5,Lenna,Ionesco,Naked Gun 2 1/2: The Smell of Fear; The,1984, Csmbridge University ress
,982781509-1,Pryce,Beacroft,X from Outer Space; The (Uchû daikaijû Girara),1977, axfard University ress
,952836896-4,Shae,Guerreru,Guts (Agallas),2018, Blsckwell ublishers
,170715884-3,Dallis,Bonellie,Went the Day Well?,1984," Jahn Wiley & Sans, Inc"
,077793222-9,Pamella,Godspeede,State of Play,1993, sbrsms Baaks
,421442776-9,Lars,Quest,Lonely Street,2013, Csndlewick ress
,168555644-2,Dani,Huxter,LEGO Batman: The Movie - DC Heroes Unite,1998, Chranicle Baaks
,315975726-9,Moises,Gilhooly,Paranoia Agent,1990, Vintsge Baaks
,749034069-1,Emlen,Forre,Creation of the Humanoids; The,1973, Daubledsy
,817204750-9,Kaine,Paoli,Descendants; The,1987," Fsrrsr, Strsus snd Giraux"
,536248761-2,Virgie,Pascall,Frances,2009, Grave stlsntic
,460007898-5,Riley,Gepp,Scarlet and the Black; The,2004, Grsywalf ress
,519338014-X,Shalne,Pacey,In Harm's Way,2017, Melville Hause
,284743862-9,Avictor,Durek,CBGB,1981, New Directians ublishing
,572375299-5,Howie,Housen,Common Man; A,2007, NYRB Clsssics
,282111564-4,Nolana,Slobom,1776,1981, Riverhesd Baaks
,983141318-0,Emilee,Drohan,Shanghai Kiss,1985, Seven Staries ress
,247450859-7,Bettye,Betteney,Beekeeper; The (O melissokomos),2008, Saft Skull ress
,754825785-6,Avery,Pollard,Maid in Manhattan,1973, The Feminist ress
,938437402-4,Dalli,McKinie,Ski Patrol,2005, Versa Baaks
,947828472-X,Jessalin,Greenrod,Bubble,2001, Bsllsntine Baaks
,529348778-7,Glenn,Gyves,Eddie Izzard: Dress to Kill,1989, Berkley ublishing Grau
,167803753-2,Romeo,Zannutti,Goya's Ghosts,2007, DsW Baaks
,586935026-3,Zacharia,Jedrych,Scream,1962, Del Rey Baaks
,887205907-0,Guntar,Johantges,In the Loop,1974, Grsnd Centrsl ublishing
,675614867-2,Cobbie,Rivers,Sudden Impact,1965, arbit Baaks
,813027128-1,Odelia,Verheyden,We Were Soldiers,1986, Tar Baaks
,632556619-X,Susana,Faux,Brave; The,2017, enguin Clsssics
,596940469-1,Consolata,Surpliss,Perfect Blue,1990, Everymsn's Librsry
,539906742-0,Rhiamon,Maytom,City of Women; The (Città delle donne; La),1988, Falia Saciety
,973721009-3,Mariann,Marzelle,Cashback,2004, Knaf Daubledsy ublishing Grau
,973099554-0,Ki,Harley,Pillars of the Earth; The,1983, University af Chicsga ress
,884220616-4,Carrissa,Kliement,Blue Angel; The,2005, Bssic Baaks
,223664563-5,Samuele,Ginglell,Change of Habit,2012, Ysle University ress
,909967316-7,Lock,Cranmore,Odd Thomas,1979, rincetan University ress
,340960502-9,Alexa,Volet,City of the Living Dead (a.k.a. Gates of Hell; The) (Paura nella città dei morti viventi),1965, Hsrvsrd University ress
,074114796-3,Earle,Fish,Chair; The,1966, MIT ress
,839764514-4,Amby,Starte,Incredible Mr. Limpet; The,1998, axfard University ress USs
,838854968-5,Megen,Horsfield,Net; The,2017, University af Cslifarnis ress
,745986478-1,Elfrieda,Jochen,The Humanoid,2010, Bescan ress
,164927615-X,Claudius,Faraker,Boat Trip,1978, Caunteraint ress
,309249550-0,Laurella,Van der Kruys,Thank Your Lucky Stars,1994, Euras Editians
,353369119-5,Kingsly,Tebald,Johnny Got His Gun,1999, ather ress
,657581152-3,Sergio,Arlidge,The UFO Incident,2008, Seven Staries ress
,701107544-5,Vyky,Moresby,The Harry Hill Movie,1978, Tin Hause Baaks
,188105440-3,Nat,Mardlin,Whatever Happened to Harold Smith?,2016, Warkmsn ublishing Camsny
,459387397-5,Jareb,Chown,Mr. Wrong,1980, slganquin Baaks
,368771495-0,Chet,Vido,Sita Sings the Blues,1981, Caffee Hause ress
,376330953-5,Hannis,Sadler,Ce que mes yeux ont vu,1967, Milkweed Editians
,055670423-1,Tarrah,Risley,Patton Oswalt: Werewolves and Lollipops,1997, Saha ress
,990627560-X,Cesar,Goodge,This Man Must Die (Que la bête meure),1972, stris Baaks
,029499842-X,Gaelan,Impson,An Amazing Couple,1961, Bsen Baaks
,364414939-9,Cheri,Fryatt,Dolls and Angels,2011, Hsrer erennisl
,931103942-X,Seward,Zylberdik,Envy,1982, icsdar
,495792093-1,Lewes,Sijmons,Adult World,1976, Scribner
,218381363-6,Xylia,McCreadie,Babes in Toyland,1985, Tin Hause Baaks
,201563732-X,Sigrid,Stronach,Indian in the Cupboard; The,2013, Warkmsn ublishing Camsny
,700502671-3,Edeline,Goosnell,Breakin',1966, slganquin Baaks
,600816416-4,Boyce,Nisby,Fighting Temptations; The,1993, Caffee Hause ress
,925050589-2,Thorny,Ruecastle,Kite Runner; The,2000, Milkweed Editians
,767287795-X,Kasey,Favell,Eccentricities of a Blonde-haired Girl (Singularidades de uma Rapariga Loura),1998, Caer Csnyan ress
,687149311-5,Hamilton,Titchmarsh,Snowmageddon,2005," Fsrrsr, Strsus snd Giraux"
,963150186-8,Burch,Moxson,Big Day; The (We Met on the Vineyard),2004, Grsywalf ress
,418086209-3,Carlee,Congdon,According to Greta,1971, Milkweed Editians
,820699387-8,Dominica,Coping,Thoroughbreds Don't Cry,2012, New Directians ublishing
,851033135-9,Eachelle,O'Conor,TV Set; The,1979, Smsll Beer ress
,240365901-0,Biddy,Flynn,Dressed to Kill,2006, Twa Dallsr Rsdia
,307594227-8,Nonnah,McGall,Crossing the Bridge: The Sound of Istanbul,1964, Twa Lines ress
,652447086-9,Shaina,Goaley,Hanussen,1966, enguin Rsndam Hause
,629536157-9,Eamon,Northeast,Bullet Ballet,2005, HsrerCallins
,616017532-7,Lorrayne,Kenyam,Role Models,1971, Siman & Schuster
,151426741-1,Leisha,Matyukon,Love; etc.,1988, Hschette Baak Grau
,192350570-X,Thomasina,Huguenet,Three and Out (Deal Is a Deal; A),1987, Mscmillsn ublishers
,002957139-1,Elizabeth,Caley,Shaka Zulu: The Citadel,1968, Schalsstic Cararstian
,732278656-4,Didi,Gallihawk,Topkapi,1993, Blaamsbury ublishing
,666095043-5,Guntar,Johantges,Tell Them Who You Are,2001, Csmbridge University ress
,468639242-X,Cobbie,Rivers,Ace High (Quattro dell'Ave Maria; I),2009, enguin Rsndam Hause
,827531202-7,Odelia,Verheyden,Flatfoot on the Nile (Piedone d'Egitto),1996, HsrerCallins
,545799456-2,Susana,Faux,Agnes Browne,1981, Siman & Schuster
,021234154-5,Consolata,Surpliss,Dive! (Dive!: Living off America's Waste),1967, Hschette Baak Grau
,488272005-1,Rhiamon,Maytom,Lorna's Silence (Le silence de Lorna),2019, Mscmillsn ublishers
,629762255-8,Mariann,Marzelle,Terraferma,1965, Schalsstic Cararstian
,972041137-6,Ki,Harley,White Reindeer,1968, Blaamsbury ublishing
,982574511-8,Carrissa,Kliement,North Star; The,1982, Csmbridge University ress
,312305996-0,Samuele,Ginglell,La Rabbia,2010, axfard University ress
,075458900-5,Lock,Cranmore,Right at Your Door,1964, Blsckwell ublishers
,231257269-9,Alexa,Volet,Ingenious,1992," Jahn Wiley & Sans, Inc"
,931110078-1,Earle,Fish,Fingers at the Window,2007, sbrsms Baaks
,469858131-1,Amby,Starte,Next Step; The,1972, Csndlewick ress
,467245847-4,Corrianne,Tarplee,God Bless America,1994, Chranicle Baaks
,893978652-1,Rafaello,Brownsett,Emotion,1999, Vintsge Baaks
,484340200-1,Correy,Fabler,Blue Vinyl,2014, Daubledsy
,400903536-6,Lenci,Scapens,Moon 44,1979," Fsrrsr, Strsus snd Giraux"
,436365868-1,Emelyne,Gilliver,Revolutionary Girl Utena: Adolescence of Utena (a.k.a. Revolutionary Girl Utena the Movie) (Shoujo kakumei Utena: Adolescence mokushiroku),1971, Grave stlsntic
,152622004-0,Kimball,Amerighi,The 3 Rs,1962, Grsywalf ress
,056631669-2,Erl,Levane,White Palace,2010, Melville Hause
,040222695-X,Gianni,Libby,Linguini Incident; The,1965, New Directians ublishing
,346832274-7,Newton,Ostridge,Stop-Loss,1975, NYRB Clsssics
,148953264-1,Chilton,Quantrell,Lotta 2: Lotta flyttar hemifrån,1968, Riverhesd Baaks
,056890999-2,Katrinka,McGreil,Born to Win,1981, Seven Staries ress
,886431321-4,Nancy,Mullis,Bombay Talkie,1997, Saft Skull ress
,331336652-X,Niven,Bamling,Loverboy,1997, The Feminist ress
,086103671-9,Kaja,Ebbings,Sergeant Körmy and the South Pacific (Vääpeli Körmy ja etelän hetelmät),1998, Versa Baaks
,537109897-6,Derek,Fuggle,Baader Meinhof Komplex; Der,2009, Bsllsntine Baaks
,443449604-2,Homer,Broome,Buster,1972, Berkley ublishing Grau
,645149605-7,Madison,Fidge,Jumbo (Billy Rose's Jumbo),1973, DsW Baaks
,579270961-0,La verne,Owen,Bird of the Air; A (Loop; The),1961, Del Rey Baaks
,378457002-X,Carlynne,Petrishchev,Godzilla: Final Wars (Gojira: Fainaru uôzu),1978, Grsnd Centrsl ublishing
,425248195-3,Aidan,Blythe,Homem Que Desafiou o Diabo; O,1972, arbit Baaks
,231705980-9,Brinn,Berens,Miser; The (L'avare),1999, Tar Baaks
,747410795-3,Jethro,Kemp,Gamers; The: Dorkness Rising,2001, enguin Clsssics
,351610233-0,Marsh,Audus,Hercules in the Underworld,2015, Everymsn's Librsry
,404804563-6,Joelie,Crewe,Unholy Three; The,1971, Falia Saciety
,805087001-4,Ailyn,Shepland,Creature Comforts,2012, Knaf Daubledsy ublishing Grau
,728357382-8,Clare,Hartrick,Lt. Robin Crusoe; U.S.N.,1966, University af Chicsga ress
,505578851-8,Royce,Toope,Death of a President,2011, Bssic Baaks
,852245595-3,Roze,Lehr,Earth (Zemlya),1993, Ysle University ress
,809976532-X,Steward,Cleare,Seventh Heaven (Septième ciel; Le),1966, rincetan University ress
,736150325-X,Ceil,Beadham,Säg att du älskar mig,1984, Hsrvsrd University ress
,528330308-X,Uriel,Bangle,Familiar Ground,1997, MIT ress
,601481828-6,Collete,Pennino,Snake in the Eagle's Shadow (Se ying diu sau),1974, axfard University ress USs
,382727027-8,Joellyn,Lefeuvre,Monkey's Paw; The,2013, University af Cslifarnis ress
,875216637-6,Marve,Kirmond,Documentarian,1962, Bescan ress
,413600124-X,Itch,Blades,Bye Bye Braverman,2014, Caunteraint ress
,261886074-8,Udall,Meritt,Desperate Measures,2006, Euras Editians
,178621770-8,Chloe,Jewes,Men with Guns,2019, ather ress
,542986184-7,Tabor,Danko,Flipper,2008, Seven Staries ress
,111219415-0,Cad,Samwell,Moth; The (Cma),2011, Tin Hause Baaks
,780302674-5,Ardeen,MacTimpany,Time to Leave,1965, Warkmsn ublishing Camsny
,009333660-8,Mead,Pracy,Crush,2002, slganquin Baaks
,517418363-6,Lezley,Goodman,Opportunists; The,2005, Caffee Hause ress
,314798038-3,Trace,Parzis,Our Summer in Provence,1968, Milkweed Editians
,198540663-2,Krispin,MacDuffie,Sliver,1996, Saha ress
,799055174-8,Edy,Tuhy,Before Flying Back to Earth (Pries parskrendant i zeme),1966, stris Baaks
,579409217-3,Sibilla,Snead,Flower Drum Song,1979, Bsen Baaks
,521390251-0,Dacey,Gianuzzi,Man of the House,1980, Hsrer erennisl
,158715258-4,Emory,Joan,Big Girls Don't Cry (Große Mädchen weinen nicht),1990, icsdar
,147678305-5,Debee,Dunstone,Sorcerer's Apprentice; The,1989, Scribner
,674227561-8,Carlita,Boichat,Vertigo,1986, Tin Hause Baaks
,180009531-7,Von,Grime,Dragonlance: Dragons of Autumn Twilight,1994, Warkmsn ublishing Camsny
,478727394-9,Ximenez,Godbald,Blues Brothers 2000,1998, slganquin Baaks
,670930067-6,Munroe,Gilhool,State of Play,1996, Caffee Hause ress
,234666511-8,Fifi,Redsell,Queen of Montreuil,2018, Milkweed Editians
,505090031-X,Jania,O'Mannion,Craig Ferguson: Does This Need to Be Said?,1989, Caer Csnyan ress
,662327596-7,Imogen,Alleburton,Torrid Zone,1971," Fsrrsr, Strsus snd Giraux"
,232188787-7,Dominik,Moxley,Santa Sangre,2005, Grsywalf ress
,085075305-8,Jelene,Kitcatt,Super Inframan; The (Zhong guo chao ren),1983, Milkweed Editians
,735462750-X,Jade,Paylie,Catch Me If You Can,1978, New Directians ublishing
,805922128-0,Isac,Newing,Lincoln Lawyer; The,1968, Smsll Beer ress
,897331255-3,Frederico,Ingilson,Struck by Lightning,1973, Twa Dallsr Rsdia
,407220715-2,Hattie,Caldes,Annie Get Your Gun,1977, Twa Lines ress
,148985018-X,Rowen,Rawlin,Turn the River,1968, enguin Rsndam Hause
,694027915-6,Patrice,Kloster,Mr. Destiny,2017, HsrerCallins
,015320362-5,Anthiathia,Devote,Whisky Galore,1979, Siman & Schuster
,051758530-8,Holly-anne,Parrett,Quatermass Xperiment; The,1965, Hschette Baak Grau
,171343425-3,Kaspar,Mosen,Family Band: The Cowsills Story ,1991, Mscmillsn ublishers
,813917520-X,Leontyne,Starsmeare,No Place to Hide,1997, Schalsstic Cararstian
,219833649-9,Shela,Olin,Facing Ali,2020, Blaamsbury ublishing
,968173968-X,Phillis,Very,Ordinary Sinner,2005, Csmbridge University ress
,387329214-9,Christin,McGrah,Away We Go,1964, axfard University ress
,451689858-6,Meade,Illidge,Hit List; The,2010, Blsckwell ublishers
,600929447-9,Fred,Hemmingway,Robots,2002," Jahn Wiley & Sans, Inc"
,569875509-4,Tatiana,Kalvin,I Even Met Happy Gypsies (Skupljaci perja),2000, sbrsms Baaks
,631094981-0,Barret,Truelove,24 Hours on Craigslist,2016, Csndlewick ress
,693693768-3,Sigismundo,Blaxley,The Frame,1982, Chranicle Baaks
,179314846-5,Kerrin,Tenney,Get Rich or Die Tryin',1974, Vintsge Baaks
,645796287-4,Irwinn,Bedder,Welcome to the Roses (Bienvenue chez les Rozes),1989, Daubledsy
,682200797-0,Christopher,McGann,Carmen,2003," Fsrrsr, Strsus snd Giraux"
,612131834-1,Celia,Penswick,Rookie; The,2003, Grave stlsntic
,464748419-X,Kaitlin,Alner,Sydney (Hard Eight),1977, Grsywalf ress
,259720084-1,Lorinda,McKimmie,Yella,1968, Melville Hause
,420660117-8,Fergus,Lushey,Nightmares,1960, New Directians ublishing
,486682873-0,Dyna,Cunnell,Opportunity Knocks,2013, NYRB Clsssics
,350859041-0,Lyndsay,Jaegar,Delta Farce,1960, Riverhesd Baaks
,444555341-7,Ursula,Rosbottom,Tunnel Rats (1968 Tunnel Rats),1971, Seven Staries ress
,285312494-0,Noell,Marner,Bribe; The,2002, Saft Skull ress
,096664533-2,Shauna,Sheppard,For the Boys,2011, The Feminist ress
,724836764-8,Harald,McLanachan,Two Mules for Sister Sara,1992, Versa Baaks
,800357358-0,Nina,Gayden,New Land; The (Nybyggarna),1962, Bsllsntine Baaks
,400772685-X,Adan,Benley,Honeymoons,1979, Berkley ublishing Grau
,540164343-8,Evie,Batson,Master of Ballantrae; The,1971, DsW Baaks
,662429169-9,Antonin,Brownell,Thousand Words; A,2013, Del Rey Baaks
,941190082-8,Kliment,Westover,Belle Starr,1977, Grsnd Centrsl ublishing
,085939485-9,Ashli,Wyer,Death Wish 2,2000, arbit Baaks
,464899354-3,Joannes,Roselli,Cimarron,1992, Tar Baaks
,304635607-2,Corenda,Millhouse,I Am Curious (Yellow) (Jag är nyfiken - en film i gult),1978, enguin Clsssics
,962561134-7,Arielle,Cornhill,Tekkonkinkreet (Tekkon kinkurîto),2016, Everymsn's Librsry
,851479420-5,Lauritz,Margerrison,Airbag,1988, Falia Saciety
,193863525-6,Mathian,Fischer,Battlestar Galactica,1971, Knaf Daubledsy ublishing Grau
,122356574-2,Karylin,Mates,Quiet Earth; The,1999, University af Chicsga ress
,329565003-9,Amalie,Emerine,A Husband of Round Trip,1983, Bssic Baaks
,191621432-0,Lianne,Derx,Il Mare (Siworae),2009, Grsywalf ress
,790538363-6,Raphael,Pilgrim,Belles on Their Toes,2012, Melville Hause
,030299885-3,Shannen,Beartup,Match; The,2009, New Directians ublishing
,901429873-0,Andrey,Paiton,Tron,2009, NYRB Clsssics
,318287487-X,Billi,Deverock,Decision at Sundown,1995, Riverhesd Baaks
,634318687-5,Zilvia,Boise,Where Eagles Dare,1974, Seven Staries ress
,870212010-0,Celestina,Blyden,Drinking Buddies,1987, Saft Skull ress
,062519813-1,Mead,Ambrogiotti,When Harry Met Sally...,2001, The Feminist ress
,429536426-6,Webster,Bigadike,Welcome to the Punch,2018, Versa Baaks
,382288250-X,Ulrica,Baskwell,Johnny Cash at Folsom Prison,1969, Bsllsntine Baaks
,780425709-0,Timmy,Bigadike,Miss Representation,1977, Berkley ublishing Grau
,465639126-3,Aprilette,Aldington,Don Is Dead; The,1992, DsW Baaks
,479573287-6,Goldy,Yannoni,Man of the Century,2013, Del Rey Baaks
,968087597-0,Miltie,Jacobowicz,Road to Zanzibar,1987, Grsnd Centrsl ublishing
,955719665-3,Lindsay,Ulyatt,Merlin,2020, arbit Baaks
,213830702-6,Dalston,McSpirron,Elizabeth I,2013, Tar Baaks
,900250632-5,Ximenez,Godbald,Pumzi,1997, Saha ress
,568716775-7,Munroe,Gilhool,Life as a House,1960, stris Baaks
,729702180-6,Fifi,Redsell,All is Bright,1998, Bsen Baaks
,554046906-2,Jania,O'Mannion,Puppet Master: Axis of Evil (Puppet Master 10),1996, Hsrer erennisl
,178991766-2,Imogen,Alleburton,Obvious Child,2011, icsdar
,302096301-X,Dominik,Moxley,Bad News Bears in Breaking Training; The,1987, Scribner
,886560251-1,Jelene,Kitcatt,Night Crossing,2007, Tin Hause Baaks
,507923169-6,Jade,Paylie,Fireman; The,1972, Warkmsn ublishing Camsny
,683362654-5,Isac,Newing,Man of Steel,2004, slganquin Baaks
,958080960-7,Frederico,Ingilson,Assault; The (Aanslag; De),1979, Caffee Hause ress
,620794163-2,Hattie,Caldes,Nothing Personal,2011, Milkweed Editians
,832974724-7,Nike,Rheam,Blood Feast,2003, Caer Csnyan ress
,103610473-7,Florri,Longhorne,Katt Williams: The Pimp Chronicles Pt. 1,2019," Fsrrsr, Strsus snd Giraux"
,622552816-4,Jozef,Veschi,Marvin Hamlisch: What He Did for Love,2001, Grsywalf ress
,706095569-0,Odey,Rable,Full Eclipse,1995, Milkweed Editians
,000365081-2,Anitra,Pantecost,C.H.U.D.,1974, New Directians ublishing
,836080467-2,Samantha,Lenin,Act of Aggression,1983, Smsll Beer ress
,285522645-7,Ellie,Andresen,Mr. Smith Goes to Washington,1980, Twa Dallsr Rsdia
,404817123-2,Merrel,Jurczik,Brothers McMullen; The,1984, Twa Lines ress
,598655319-5,Tuesday,Issett,Semi-Tough,2007, sksshic Baaks
,628066915-7,Cointon,Haversum,Larceny; Inc.,1990, Caffee Hause ress
,172787079-4,Ricardo,Peasee,As it is in Heaven (Så som i himmelen),1978, Duttan
,358426098-1,Lorens,Kalvin,Castle of Blood,2010, Kensingtan Baaks
,221486143-2,Harbert,Castanone,League of Extraordinary Gentlemen; The (a.k.a. LXG),1999, Hsrer erennisl
,325047910-1,Abie,Ert,Mail Order Bride,1980, icsdar
,021188326-3,Lou,Barday,El Lobo,1987, Scribner
,035132779-7,Garnet,Calveley,Brooklyn Rules,1974, Tin Hause Baaks
,214784173-0,Dorene,Billingham,Shriek If You Know What I Did Last Friday the Thirteenth,1981, Warkmsn ublishing Camsny
,705235870-0,Celia,Cloke,Young Doctors in Love,1972, slganquin Baaks
,407833989-1,Auroora,Donahue,Son of God,1981, Caffee Hause ress
,275017077-X,Rutger,Loughran,Ratatouille,1990, Milkweed Editians
,030809969-9,Dominic,Blanning,After Death (Posle smerti),2003, Caer Csnyan ress
,417190082-4,Nannie,Huddy,Breaktime; The (Zang-e Tafrih) (Recess),1996," Fsrrsr, Strsus snd Giraux"
,405387845-4,Phoebe,Lovelady,Descendant of the Sun (Ri jie),1971, Grsywalf ress
,842255440-2,Eula,Clemas,Caught Inside,1960, Milkweed Editians
,852083523-6,Brittni,Trill,Midnight,1964, New Directians ublishing
,075717332-2,Tamarra,McTeggart,Rock; Paper; Scissors: The Way of the Tosser,1983, Smsll Beer ress
,285910915-3,Ellissa,Statersfield,Year of the Gun,2015, Twa Dallsr Rsdia
,630066739-1,Christiano,Mayfield,Joe + Belle,2019, Twa Lines ress
,309510220-8,Torry,Benettolo,Seven Days in May,1981, sksshic Baaks
,898812068-X,Lucienne,Laffoley-Lane,Shocker,2014, enguin Rsndam Hause
,820819979-6,Vlad,Iacoviello,Highball,2002, HsrerCallins
,715687162-5,Bette,Robjant,The Slap,1981, Siman & Schuster
,616832283-3,Glynis,Angood,These Girls,1964, Hschette Baak Grau
,520361400-8,Steward,Iacobo,Gimme Shelter,2019, Mscmillsn ublishers
,233095112-4,Mendy,Restorick,Employees Leaving the Lumière Factory,1967, Schalsstic Cararstian
,972472206-6,Rita,Domsalla,Wedding March; The,1989, Blaamsbury ublishing
,699442775-7,Domenic,Mattimoe,B.T.K.,1996, Csmbridge University ress
,658900989-9,Arty,Olding,Wrong Turn 3: Left for Dead,2014, axfard University ress
,941836350-X,Davidde,Stockport,Invaders from Mars,1968, Blsckwell ublishers
,187322619-5,Carmelia,Redihalgh,No Looking Back,1999," Jahn Wiley & Sans, Inc"
,208561687-9,Corby,McComiskie,Crocodile Dundee II,1978, sbrsms Baaks
,577347481-6,Sholom,Follett,Mistress of Spices; The,1967, Csndlewick ress
,831586505-6,Mead,Fouch,Swan; The,2012, Chranicle Baaks
,522563101-0,Philippa,Ritzman,Sensation of Sight; The,2008, Vintsge Baaks
,910063443-3,Candace,Corrin,Broken Vessels,2020, Daubledsy
,492799275-6,Cristobal,Shingfield,Sharknado,2019," Fsrrsr, Strsus snd Giraux"
,210127904-5,Vail,Fylan,For Ever Mozart,1960, Grave stlsntic
,094023083-6,Berny,Farrey,Into the Woods,2009, Grsywalf ress
,420925801-6,Jacques,Cocklie,Uwasa No Onna (The Woman in the Rumor) (Her Mother's Profession),1966, Melville Hause
,966223361-X,Madeleine,Marunchak,Crisis: Behind a Presidential Commitment,1971, New Directians ublishing
,714879563-X,Julieta,Lafranconi,Dude; Where's My Car?,2019, NYRB Clsssics
,880072449-3,Ciel,Hail,Shaolin Temple (Shao Lin si),1980, Riverhesd Baaks
,580731474-3,Klarrisa,Laville,Dollman,2003, Seven Staries ress
,598927385-1,Sky,MacAlees,Good People,1984, Saft Skull ress
,280401822-9,Marabel,Offin,Six Days,1969, The Feminist ress
,967453743-0,Bellanca,Ridout,Ben X,1991, Versa Baaks
,263080874-2,Kirk,Hubbock,Roadie,1987, Bsllsntine Baaks
,666414999-0,Jaime,Enochsson,88 Minutes,1999, Berkley ublishing Grau
,968089043-0,Dennison,Scottini,Yellow Cab Man; The,1991, DsW Baaks
,466401776-6,Sidoney,Gaylor,Kill for Me,1980, Del Rey Baaks
,926132789-3,Sheelagh,Birtle,Badman's Country,1977, Grsnd Centrsl ublishing
,103337419-9,Benedicto,Slimmon,Budd Boetticher: A Man Can Do That,2011, arbit Baaks
,278336533-2,Aguste,Farriar,The Story of Asya Klyachina,1976, Tar Baaks
,870358051-2,Juliann,Branche,Lucky Night,1964, enguin Clsssics
,018384960-4,Dominique,Northage,Firehouse Dog,2003, Everymsn's Librsry
,075229771-6,Ivor,Arnow,Sword of Doom; The (Dai-bosatsu tôge),1999, Falia Saciety
,855249742-5,Odie,Imrie,Master of Ballantrae; The,1988, Knaf Daubledsy ublishing Grau
,808179656-8,Mercedes,Potteridge,Le convoyeur,2017, University af Chicsga ress
,338348321-5,Irving,Kharchinski,Dead End,2001, Bssic Baaks
,897081102-8,Webster,Ivanenkov,Heaven Knows; Mr. Allison,2013, Ysle University ress
,851106008-1,Helaine,Patchett,Bang Bang,1987, rincetan University ress
,627554029-X,Hal,Noe,Terror Beneath the Sea; The (Kaitei daisensô),1982, Hsrvsrd University ress
,042244842-7,Wilmer,Jennison,Coast of Death,1980, MIT ress
,900227665-6,Hermine,Eberle,Hysteria,1999, axfard University ress USs
,657185688-3,Decca,Griffen,Suburbans; The,1995, University af Cslifarnis ress
,554647774-1,Vergil,Dilston,But Not for Me,1994, Bescan ress
,765939450-9,Garnet,Vigneron,Princess,2013, Caunteraint ress
,008317296-3,Ralf,Ewen,Captain America: The Winter Soldier,1969, Euras Editians
,411576206-3,Olivier,McAvaddy,Pumpkinhead,1997, ather ress
,432335534-3,Vanessa,Reye,The Hungover Games,1995, Seven Staries ress
,789140133-0,Fan,Stienham,11-11-11 (11-11-11: The Prophecy),2011, Tin Hause Baaks
,341971856-X,Hercules,Ganing,Hear No Evil,1982, Warkmsn ublishing Camsny
,874441150-2,Enrika,Skeemer,Fantastic Night; The (Nuit fantastique; La),1983, slganquin Baaks
,970390697-4,Joletta,Nassi,Texasville,1992, Caffee Hause ress
,929762593-2,Olivia,Dowdney,Star Trek II: The Wrath of Khan,2016, Milkweed Editians
,160324993-1,Willi,McTeague,Sergeant Körmy and the Underwater Vehicles (Vääpeli Körmy ja vetenalaiset vehkeet),2017, Saha ress
,691322511-3,Mohammed,Manus,Lunch Break,2013, stris Baaks
,005141909-2,Minor,Lenham,Anna,2005, Bsen Baaks
,973389239-4,Rebecca,Tembey,24 7: Twenty Four Seven,1988, Hsrer erennisl
,719233950-4,Belva,LAbbet,Cinderella,2019, icsdar
,918862413-7,Lucienne,Laffoley-Lane,Yesterday Girl (Abschied von gestern - Anita G.),2010, Scribner
,924217025-9,Vlad,Iacoviello,Our Dancing Daughters,1981, Tin Hause Baaks
,624090916-5,Bette,Robjant,Sun Also Rises; The,2001, Warkmsn ublishing Camsny
,620002273-9,Glynis,Angood,Possible Worlds,2019, slganquin Baaks
,613895040-2,Steward,Iacobo,Lolita,1968, Caffee Hause ress
,816247177-4,Mendy,Restorick,Pinochet Case; The (Cas Pinochet; Le),2006, Milkweed Editians
,509829892-X,Rita,Domsalla,Moral Tales; Filmic Issues,1961, Caer Csnyan ress
,310317815-8,Domenic,Mattimoe,Who Am I (Kein System Ist Sicher),2007," Fsrrsr, Strsus snd Giraux"
,378112355-3,Arty,Olding,Angel Dog,2009, Grsywalf ress
,818982612-3,Angelle,Deighan,Fall of the House of Usher; The (Zánik domu Usheru),2015, Milkweed Editians
,152063362-9,Benjy,Jouanet,Chris Rock: Bigger & Blacker,1962, New Directians ublishing
,404521457-7,Smitty,Coite,Brother's Kiss; A,1987, Smsll Beer ress
,003067883-8,Archibold,Dimmick,Giorgino,2014, Twa Dallsr Rsdia
,553729646-2,Kristo,Josskovitz,Happy Go Lovely,2018, Twa Lines ress
,445708997-4,Mord,Whight,Elsewhere,2016, enguin Rsndam Hause
,123566181-4,Cahra,Marshal,Great Mouse Detective; The,2011, HsrerCallins
,831291766-7,Dirk,Rockell,Time Out (L'emploi du temps),2000, Siman & Schuster
,434628504-X,Ignace,Bruneton,No Time for Love,2018, enguin Rsndam Hause
,509194623-3,Artemis,Rainey,Dark Side of the Sun; The,1973, HsrerCallins
,727340976-6,Banky,Flageul,Pokémon the Movie: Black - Victini and Reshiram,1961, Siman & Schuster
,609937919-3,Sharai,Idle,Westward Ho,2011, Hschette Baak Grau
,580614540-9,Carling,Awty,Upside Down,1987, Mscmillsn ublishers
,769737351-3,Kristian,Micklewright,America the Beautiful 2: The Thin Commandments ,1980, Schalsstic Cararstian
,019687377-0,Brose,Woollacott,A Promise,1988, Blaamsbury ublishing
,439779032-9,Stern,Stabbins,Direct from Brooklyn,1967, Csmbridge University ress
,393249596-9,Mikaela,Teodoro,Shaolin Temple (Shao Lin si),1982, axfard University ress
,738797240-0,Templeton,Kasper,L!fe Happens,1964, Blsckwell ublishers
,301266625-7,Audra,Toffoloni,Exterminating Angels; The (anges exterminateurs; Les),1964," Jahn Wiley & Sans, Inc"
,748727317-2,Kasper,Ferbrache,Stars Fell on Henrietta; The,1985, sbrsms Baaks
,111730323-3,Jasmine,Goodinson,Yellow,1985, Csndlewick ress
,414063393-X,Cindra,Junes,I Was Monty's Double,1974, Chranicle Baaks
,723856497-1,Ford,Cristofaro,Year One; The (L'an 01),2008, Vintsge Baaks
,439073169-6,Alberik,Standage,Redemption: The Stan Tookie Williams Story,1979, Daubledsy
,380455404-0,Judi,Brockton,Micmacs (Micmacs à tire-larigot),2008," Fsrrsr, Strsus snd Giraux"
,251502680-X,Cullin,Rillett,The Cyclone,2013, Grave stlsntic
,101547262-1,Ferguson,Storks,Skippy,1986, Grsywalf ress
,839256360-3,Dynah,Naile,Mustalaishurmaaja,1970, Melville Hause
,411826826-4,Evelyn,Woolacott,MC5: Kick Out the Jams,1990, New Directians ublishing
,891370488-9,Yoko,Winspur,Let's Get Those English Girls,1979, NYRB Clsssics
,603221430-3,Kimberlee,Merigon,Haunting; The,1982, Riverhesd Baaks
,335630381-3,Gates,O'Hearn,Made for Each Other,2011, Seven Staries ress
,750633688-X,Demetra,Noad,Disraeli,2001, Saft Skull ress
,475461714-2,Leann,Cawcutt,Devil's Eye; The (Djävulens öga),1962, The Feminist ress
,875247432-1,Clementine,Kilroy,Last Bolshevik; The (Tombeau d'Alexandre; Le),2014, Versa Baaks
,781433935-9,Irwin,MacAlaster,Hanna,1994, Bsllsntine Baaks
,975306569-8,Egon,Crolly,White Banners,2007, Berkley ublishing Grau
,771121629-7,Shena,Beeswing,Galaxy Invader; The,1967, DsW Baaks
,218481389-3,Trent,Guyot,Coming Home,2011, Del Rey Baaks
,582833518-9,Chase,Sperwell,Fifth Estate; The,1983, Grsnd Centrsl ublishing
,833772589-3,Ailene,Layburn,Crazy People,2007, arbit Baaks
,012395611-0,Karylin,Cabera,Craig Ferguson: A Wee Bit o' Revolution,1968, Tar Baaks
,968598475-1,Broddie,Le Guin,Chicago,1993, enguin Clsssics
,693844261-4,Maxwell,Butten,Spy Kids 2: The Island of Lost Dreams,2019, Everymsn's Librsry
,628826036-3,Gayle,Altamirano,Young Girls of Rochefort; The (Demoiselles de Rochefort; Les),1982, Falia Saciety
,656192860-1,Brooks,Domange,Baby Geniuses,1999, Knaf Daubledsy ublishing Grau
,476766592-2,Ashbey,Lethlay,Little Stiff; A,1995, University af Chicsga ress
,228916562-X,Agnese,Algore,Free Birds,1981, Bssic Baaks
,195812797-3,Kerri,Bissex,Funny Girl,1961, Ysle University ress
,173764292-1,Thornton,Elflain,From the Clouds to the Resistance (Dalla nube alla resistenza),1993, rincetan University ress
,351808694-4,Estelle,Hemstead,Cat Ballou,2017, Hsrvsrd University ress
,999519295-0,Lothaire,Tobin,Holding; The,1977, MIT ress
,830738646-2,Mina,Story,Dirty Deeds,1993, axfard University ress USs
,435044782-2,Renate,Spykins,Teacher's Pet,2010, University af Cslifarnis ress
,032796782-X,Lyell,Griffe,Drummer-Crab (Le Crabe-Tambour),1963, Bescan ress
,402751918-3,Sammy,Breche,7 Boxes (7 cajas),2015, Caunteraint ress
,695355962-4,Terrell,Briscow,Bloody Sunday,2015, Euras Editians
,641985150-5,Ginnie,Harrhy,Space Is The Place,2012, ather ress
,857968077-8,Vladamir,Marples,Very Natural Thing; A,1984, Seven Staries ress
,002134148-6,Tamas,Miklem,Saturday Night and Sunday Morning,1981, Tin Hause Baaks
,830874385-4,Cullin,Garnham,Living Sea; The,1982, Warkmsn ublishing Camsny
,802794647-6,Conn,Farrell,I Will Buy You (Anata kaimasu),1978, slganquin Baaks
,981007133-7,Jedd,Perri,Outsiders; The,2012, Caffee Hause ress
,479336899-9,Andras,Petow,Single Shot; A,1989, Milkweed Editians
,903950037-1,Mireille,Fasham,Against the Dark,1987, Saha ress
,807406060-8,Emalee,Greatrex,China Moon,1979, stris Baaks
,612735397-1,Garnette,Elsom,Ollin oppivuodet,2006, Bsen Baaks
,034016429-8,Ulick,Postles,The Woodcarver,1961, Hsrer erennisl
,095029296-6,Gene,McKennan,Hyenas (Hyènes),1994, icsdar
,364898835-2,Clemente,Gaber,Man; The,1968, Scribner
,308454965-6,Wilie,Wison,Black Mirror,1971, Tin Hause Baaks
,545181536-4,Rebeca,Jenson,Love Wrecked,1998, Warkmsn ublishing Camsny
,741772089-7,Bern,Ginnally,See What I'm Saying: The Deaf Entertainers Documentary,1971, slganquin Baaks
,356724123-0,Berne,Aberdeen,Love Affair,2002, Caffee Hause ress
,789689623-0,Frederick,Dyke,Tracers,2020, Milkweed Editians
,058871081-4,Alexina,Necolds,Felicity,2019, Caer Csnyan ress
,746329182-0,Bee,Deacon,I Live My Life,1988," Fsrrsr, Strsus snd Giraux"
,389002399-1,Benyamin,Neilson,In the Company of Men,2010, Grsywalf ress
,947747553-X,Foss,Grocock,Tale of Two Sisters; A (Janghwa; Hongryeon),1992, Milkweed Editians
,227393566-8,Vance,Ivons,Complete History of My Sexual Failures; A,1974, New Directians ublishing
,517575669-9,Randolf,Tatters,Caught,1967, Smsll Beer ress
,383741216-4,Blondelle,McCraine,Rat Savior; The (Izbavitelj),2020, Twa Dallsr Rsdia
,974952979-0,Bryn,Mutton,Devil's Rejects; The,1999, Twa Lines ress
,831010320-4,Jordan,Brendel,Inconvenient Tax; An,1987, enguin Rsndam Hause
,706155576-9,Melina,Linne,Pat Garrett and Billy the Kid,2019, HsrerCallins
,867753719-8,Normand,Glowacz,Summer by the River; A (Kuningasjätkä),1996, Siman & Schuster
,755659254-5,Jarrad,Beale,Pyaar Ka Punchnama,1974, Hschette Baak Grau
,544066108-5,Ly,Gerssam,My Ain Folk,2019, Mscmillsn ublishers
,825236072-6,Perkin,Fardell,Nuns on the Run,1966, Schalsstic Cararstian
,947766544-4,Correy,Linsay,Aurora Borealis,1995, Blaamsbury ublishing
,545167363-2,Horace,Melling,Sketches of Frank Gehry,1976, Csmbridge University ress
,492047865-8,Tallulah,Grenshields,Trip; The,1978, enguin Rsndam Hause
,829818627-3,Muffin,Cartan,Destination Tokyo,2007, HsrerCallins
,439577019-3,Bailey,Gethouse,Apocalypto,1987, Siman & Schuster
,469069810-4,Demott,Widdowes,Beslan: Three Days in September,1997, Hschette Baak Grau
,011334823-1,Sheffy,Roebuck,Down Terrace,2013, Mscmillsn ublishers
,319818543-2,Maurise,O'Cosgra,Killing Room; The,2013, Schalsstic Cararstian
,074561655-0,Cameron,Borges,Touch of Evil,1960, Blaamsbury ublishing
,883355586-0,Chaunce,Sparham,Level Five,1980, Csmbridge University ress
,148196002-4,Chevy,Mount,Meek's Cutoff,1979, axfard University ress
,637657003-8,Cookie,Campana,Blue Sky,1989, Blsckwell ublishers
,262752918-8,Erena,Mapholm,Rooster's Breakfast (Petelinji zajtrk),1966," Jahn Wiley & Sans, Inc"
,964420669-X,Fawnia,Jaulme,Tunnel Rats (1968 Tunnel Rats),1965, sbrsms Baaks
,446386000-8,Gail,Pickwell,Trans-Europ-Express,2002, Csndlewick ress
,831119098-4,Harwell,Enrdigo,The Legend of Bloody Jack,1991, Chranicle Baaks
,343203723-6,Anthe,Gambles,388 Arletta Avenue,1977, Vintsge Baaks
,313769279-2,Min,Batham,Private Romeo,1979, Daubledsy
,622547312-2,Daisie,Rohlf,Building the Inferno: Nobuo Nakagawa and the Making of 'Jigoku',1987," Fsrrsr, Strsus snd Giraux"
,687856024-1,Harriot,Coneley,Noam Chomsky: Distorted Morality,1969, Grave stlsntic
,151258972-1,Peggi,Speir,Music Room; The (Jalsaghar),2004, Grsywalf ress
,015322177-1,Georgena,MacTague,Bounce: Behind the Velvet Rope,1989, Melville Hause
,760999941-5,Lona,MacMillan,Yellow,2017, New Directians ublishing
,417127800-7,Bern,Lammin,Night of the Zombies (a.k.a. Hell of the Living Dead) (Virus),1962, NYRB Clsssics
,457848459-9,Mallissa,Wenn,Nutty Professor; The,2017, Riverhesd Baaks
,930801485-3,Sherwin,Hullock,Bronco Billy,1988, Seven Staries ress
,791332915-7,Ede,Jupp,The Beast of the City,1987, Saft Skull ress
,956415064-7,Conn,Mueller,Bright Days Ahead,2011, The Feminist ress
,863597141-8,Cody,Lenthall,For Love or Country: The Arturo Sandoval Story,2020, Versa Baaks
,648564180-7,Leopold,Matula,Resident Evil,1966, Bsllsntine Baaks
,688669025-6,Staci,Villar,Drones,1996, Berkley ublishing Grau
,282750233-X,Kale,Hambric,Fixed Bayonets!,2002, DsW Baaks
,647121512-6,Joanie,Waywell,Average Italian,1998, Del Rey Baaks
,465737845-7,Wildon,Gages,Bertsolari,1979, Grsnd Centrsl ublishing
,505156331-7,Nataline,Rilings,Latcho Drom,2002, arbit Baaks
,695776978-X,Loria,Paal,Our Lady of the Assassins (Virgen de los sicarios; La),2010, Tar Baaks
,069702131-9,Wang,Levey,Teeth,2007, enguin Clsssics
,915965799-5,Allayne,Kiessel,Motherhood,1998, Everymsn's Librsry
,858661264-2,Jarid,Mattei,Disconnect,1986, Falia Saciety
,225281885-9,Mildrid,Heaford,Bela Kiss: Prologue,1964, Knaf Daubledsy ublishing Grau
,962625173-5,Hetti,Benmore,Return to Me,1962, University af Chicsga ress
,894373045-4,Dorelia,Shildrick,Bucket of Blood; A (Dark Secrets) (Death Artist; The),1988, Bssic Baaks
,581433106-2,Ole,Osbidston,Arn: The Knight Templar (Arn - Tempelriddaren),2004, Ysle University ress
,681936672-8,Deeanne,Bastide,Sex and the City 2,1977, rincetan University ress
,656728635-0,Toddie,Pinor,Ramona and Beezus,1982, Hsrvsrd University ress
,876222876-5,Ambur,Currier,Heimat - A Chronicle of Germany (Heimat - Eine deutsche Chronik),1961, MIT ress
,441156655-9,Bartholomeo,Bauldrey,Flyboys,2008, axfard University ress USs
,400898526-3,Shandy,Letcher,Reel Injun,2019, University af Cslifarnis ress
,343516473-5,Garvin,Danick,Evolver,2002, Bescan ress
,325298543-8,Ambrosius,Voisey,Tom Segura: Completely Normal,2013, Caunteraint ress
,871496178-4,Gayleen,Blackledge,Attila (Attila the Hun),1979, Euras Editians
,712295511-7,Yevette,Parlot,Civic Duty,1992, ather ress
,884854228-X,Jennilee,Ionesco,Duchess; The,1972, Seven Staries ress
,636047454-9,Ermanno,Beacroft,Killing Auntie (Zabicie ciotki),2018, Tin Hause Baaks
,270436305-6,Nehemiah,Guerreru,Chef in Love; A (Shekvarebuli kulinaris ataserti retsepti),1980, Warkmsn ublishing Camsny
,851410786-0,Etheline,Bonellie,Say Anything...,1975, slganquin Baaks
,272632284-0,Deane,Godspeede,Noose; The (Petla),1962, Caffee Hause ress
,858723750-0,Isobel,Quest,Goodbye Uncle Tom,2009, Milkweed Editians
,936695026-4,Mallory,Huxter,Television Under the Swastika (Das Fernsehen unter dem Hakenkreuz),1966, Saha ress
,078071569-1,Anjela,Gilhooly,Midnight Clear,2002, stris Baaks
,533325407-9,Corrie,Forre,Stargate: Continuum,1993, Bsen Baaks
,257072318-5,Nat,Paoli,Apple; The,2009, Hsrer erennisl
,981946075-1,Nani,Pascall,Julian Po,1977, icsdar
,184272544-0,Carolina,Gepp,Phone Booth,1989, Scribner
,535619568-0,Zedekiah,Pacey,How I Killed My Father (a.k.a. My Father and I) (Comment j'ai tué mon Père),2005, Tin Hause Baaks
,323315083-0,Elayne,Durek,Blondes at Work,2004, Warkmsn ublishing Camsny
,934920212-3,Koenraad,Housen,Aloha Summer,1998, slganquin Baaks
,897711362-8,Heindrick,Slobom,Salvador,2014, Caffee Hause ress
,649836480-7,Marv,Drohan,Blind Justice (Hævnens nat),1974, Milkweed Editians
,188186961-X,Geoffrey,Betteney,Under the Tuscan Sun,1976, Caer Csnyan ress
,147286222-8,Mildred,Pollard,Stig-Helmer Story; The,2008," Fsrrsr, Strsus snd Giraux"
,088810690-4,Sandro,McKinie,Patriot Games,1966, Grsywalf ress
,836173810-X,Collie,Greenrod,State of Play,1963, Milkweed Editians
,213733717-7,Murry,Gyves,Not Safe for Work,1973, New Directians ublishing
,121550096-3,Gage,Zannutti,Cairo Time,1995, Smsll Beer ress
,907496534-2,Konstance,Jedrych,Starred Up,2004, Twa Dallsr Rsdia
,290115140-X,Branden,Johantges,Big Shots,2003, Twa Lines ress
,606777578-6,Barrett,Rivers,Monty Python Live (Mostly),2014, enguin Rsndam Hause
,327917965-3,Whitney,Verheyden,Dudley Do-Right,2003, HsrerCallins
,768190236-8,Darsie,Faux,American Drug War: The Last White Hope,2020, Siman & Schuster
,030003369-9,Hynda,Surpliss,Mr. Vampire (Geung si sin sang),1979, Hschette Baak Grau
,625233678-5,Konstance,Maytom,Crossing the Bridge,1976, Mscmillsn ublishers
,362134175-7,Christalle,Marzelle,Clash of the Titans,1961, Schalsstic Cararstian
,081386345-7,Fairfax,Harley,Invisible Stripes,1994, Blaamsbury ublishing
,406526235-6,Joelly,Kliement,Stick,1965, Csmbridge University ress
,806557856-X,Mitch,Ginglell,JLG/JLG (JLG/JLG - autoportrait de décembre),1968, axfard University ress
,673613720-9,Burr,Cranmore,Marilena de la P7,2007, Blsckwell ublishers
,548169647-9,Alard,Volet,Hum Aapke Hain Koun...!,2020," Jahn Wiley & Sans, Inc"
,281800869-7,Jayme,Fish,Something to Talk About,1966, sbrsms Baaks
,578385534-0,Bentlee,Starte,Osterman Weekend; The,1997, Csndlewick ress
,750957555-9,Kellia,Horsfield,Dante 01,1964, Chranicle Baaks
,091657053-3,Kaitlin,Jochen,Premiers désirs,2002, Vintsge Baaks
,335262296-5,Delcina,Faraker,Talking About Sex,2020, Daubledsy
,976207911-6,Josi,Van der Kruys,Six Weeks,2008," Fsrrsr, Strsus snd Giraux"
,270668431-3,Dunc,Tebald,Fort Bliss,2010, Grave stlsntic
,191235399-7,Corbin,Arlidge,Thief Lord; The,1980, Grsywalf ress
,182460708-3,Franky,Moresby,Murder at the Gallop,1967, Melville Hause
,151052987-X,Alexandro,Mardlin,Love Me If You Dare (Jeux d'enfants),2019, New Directians ublishing
,822865569-X,Jackqueline,Chown,Universal Soldier: The Return,2019, NYRB Clsssics
,300012507-8,Ewell,Vido,Vodka Lemon,1971, Riverhesd Baaks
,080122939-1,Joycelin,Sadler,Thumbelina,1976, Seven Staries ress
,921580705-5,Merissa,Risley,Farscape: The Peacekeeper Wars,2014, Saft Skull ress
,356325426-5,Shelagh,Goodge,Drones,1985, The Feminist ress
,799913551-8,Cos,Impson,Flower Drum Song,1974, Versa Baaks
,222631663-9,Candis,Fryatt,Windtalkers,1964, Bsllsntine Baaks
,838340458-1,Tomlin,Zylberdik,Mentiras y gordas,1962, Berkley ublishing Grau
,289696996-9,Haily,Sijmons,Witches; The (aka Devil's Own; The),1976, DsW Baaks
,011487826-9,Dar,McCreadie,Lonely Wife; The (Charulata),2002, Del Rey Baaks
,953571171-7,Nichole,Stronach,Story of My Death,2001, Grsnd Centrsl ublishing
,961266298-3,Maryl,Goosnell,Flaming Star,2013, arbit Baaks
,398632114-4,Yank,Nisby,Cup; The (Phörpa),2007, Tar Baaks
,014761525-9,Casper,Ruecastle,Cuba,1991, enguin Clsssics
,986688669-7,Woody,Favell,Iceberg; L',1978, Everymsn's Librsry
,553949321-4,Mei,Titchmarsh,Under the Same Moon (Misma luna; La),1994, Falia Saciety
,876486931-8,Kain,Moxson,Cross Creek,1992, Knaf Daubledsy ublishing Grau
,750813959-3,Melania,Congdon,Headhunters (Hodejegerne),1964, University af Chicsga ress
,335366844-6,Norrie,Coping,Machine That Kills Bad People; The (La Macchina Ammazzacattivi),1986, Bssic Baaks
,572622849-9,Tomi,O'Conor,Brand Upon the Brain!,1989, Grsywalf ress
,268958407-7,Urbano,Flynn,Kiss Kiss Bang Bang,2016, Melville Hause
,787828119-X,Orazio,McGall,Wuthering Heights,2018, New Directians ublishing
,076865763-6,Talbert,Goaley,Awful Dr. Orlof; The (Gritos en la Noche),1966, NYRB Clsssics
,982289637-9,Broddie,Le Guin,Pathetic Fallacy (Ajantrik),2016, Riverhesd Baaks
,404691084-4,Maxwell,Butten,Jewtopia,1962, Seven Staries ress
,367271750-9,Gayle,Altamirano,Sune på bilsemester,1987, Saft Skull ress
,692134149-6,Brooks,Domange,Greaser's Palace,2013, The Feminist ress
,574245797-9,Ashbey,Lethlay,All Things to All Men,2010, Versa Baaks
,121008638-7,Agnese,Algore,Miller's Crossing,1971, Bsllsntine Baaks
,139824223-3,Kerri,Bissex,Jönssonligan dyker upp igen,1982, Berkley ublishing Grau
,237086913-5,Thornton,Elflain,Mr. Woodcock,1972, DsW Baaks
,604954303-8,Estelle,Hemstead,Budd Boetticher: An American Original ,2016, Del Rey Baaks
,210843467-4,Lothaire,Tobin,Children Shouldn't Play with Dead Things,2020, Grsnd Centrsl ublishing
,744416937-3,Mina,Story,Far From Home: The Adventures of Yellow Dog,1968, arbit Baaks
,579704527-3,Renate,Spykins,Common Thread; A (a.k.a. Sequins) (Brodeuses),2008, Tar Baaks
,733101284-3,Lyell,Griffe,Without Lying Down: Frances Marion and the Power of Women in Hollywood,1979, Saha ress
,330180166-8,Sammy,Breche,Money for Nothing,2017, stris Baaks
,667575712-1,Terrell,Briscow,The Widow From Chicago,2012, Bsen Baaks
,125246960-8,Ginnie,Harrhy,Cocoon: The Return,2010, Hsrer erennisl
,747955259-9,Vladamir,Marples,Prairie Love,1969, icsdar
,552367125-8,Tamas,Miklem,Something Wild,2000, Scribner
,069443265-2,Cullin,Garnham,Talent for the Game,1987, Tin Hause Baaks
,013475763-7,Conn,Farrell,Undercover Blues,1965, Warkmsn ublishing Camsny
,049696990-0,Jedd,Perri,Avengers; The,1991, slganquin Baaks
,496705112-X,Andras,Petow,Le Mans,1995, Caffee Hause ress
,092803221-3,Mireille,Fasham,Robot Carnival (Roboto kânibauru),1987, Milkweed Editians
,663568438-7,Emalee,Greatrex,The Land Before Time XIII: The Wisdom of Friends,2014, Caer Csnyan ress
,164723743-2,Garnette,Elsom,Living with the Fosters,2006," Fsrrsr, Strsus snd Giraux"
,615148096-1,Ulick,Postles,Diary of the Dead,2006, Grsywalf ress
,765820296-7,Gene,McKennan,Adversary; The (L'adversaire),1988, Milkweed Editians
,103735837-6,Clemente,Gaber,Million Dollar Legs,1991, New Directians ublishing
,028631409-6,Wilie,Wison,Love Can Seriously Damage Your Health,2006, Smsll Beer ress
,743251041-5,Rebeca,Jenson,I See a Dark Stranger,1973, Twa Dallsr Rsdia
,690652865-3,Bern,Ginnally,Kalevala - Uusi aika,2013, Twa Lines ress
,819018850-X,Berne,Aberdeen,301; 302 (301/302),1976, sksshic Baaks
,449563942-0,Frederick,Dyke,Amityville 1992: It's About Time,1988, Caffee Hause ress
,831736342-2,Alexina,Necolds,No Deposit; No Return,2002, Duttan
,905426189-7,Bee,Deacon,Transylvania,2018, Kensingtan Baaks
,526233058-4,Benyamin,Neilson,Top Five,1991, Hsrer erennisl
,570768309-7,Foss,Grocock,Kamome Diner,2011, icsdar
,173646984-3,Vance,Ivons,Ice Storm; The,1997, Scribner
,393384218-2,Randolf,Tatters,Extremely Goofy Movie; An,2002, Tin Hause Baaks
,797967623-8,Blondelle,McCraine,Friday the 13th Part VII: The New Blood,1989, Warkmsn ublishing Camsny
,834220298-4,Bryn,Mutton,Love Bug; The,2009, slganquin Baaks
,280168735-9,Jordan,Brendel,Super Duper Alice Cooper,2000, Caffee Hause ress
,664111987-4,Melina,Linne,Weekend at Bernie's II,1985, Milkweed Editians
,098194331-4,Normand,Glowacz,Cold Prey III (Fritt Vilt III),1998, Caer Csnyan ress
,356623258-0,Jarrad,Beale,Birthday Girl,1998," Fsrrsr, Strsus snd Giraux"
,017073824-8,Ly,Gerssam,Jolson Sings Again,1970, Grsywalf ress
,243072067-1,Perkin,Fardell,Stage Fright,1968, Milkweed Editians
,910951177-6,Correy,Linsay,All the Way Home,1981, New Directians ublishing
,242112571-5,Horace,Melling,That Day; on the Beach (Hai tan de yi tian),1976, Smsll Beer ress
,648775880-9,Tallulah,Grenshields,Arise; My Love,2000, Twa Dallsr Rsdia
,143262634-5,Muffin,Cartan,Foxes,2011, Twa Lines ress
,145329359-0,Bailey,Gethouse,Shaolin Soccer (Siu lam juk kau),1973, sksshic Baaks
,335887311-0,Demott,Widdowes,Shopping,2010, enguin Rsndam Hause
,202121809-0,Sheffy,Roebuck,Enemy of the People; An,1990, HsrerCallins
,656998859-X,Maurise,O'Cosgra,13Hrs,1965, Siman & Schuster
,151820728-6,Cameron,Borges,Hand of Peace: Pope Pius XII and the Holocaust; A,1995, Hschette Baak Grau
,984162492-3,Chaunce,Sparham,Spring Subway,2000, Mscmillsn ublishers
,735817957-9,Chevy,Mount,Wisconsin Death Trip,2005, Schalsstic Cararstian
,781215647-8,Cookie,Campana,Letter; The,1961, Blaamsbury ublishing
,851882599-7,Erena,Mapholm,Mugger; The (El asaltante),1965, Csmbridge University ress
,804405162-7,Fawnia,Jaulme,In the Line of Duty: The F.B.I. Murders,1978, axfard University ress
,467215477-7,Gail,Pickwell,Hey; Happy!,1978, Blsckwell ublishers
,330535681-2,Harwell,Enrdigo,Broken Trail,1975," Jahn Wiley & Sans, Inc"
,630155875-8,Anthe,Gambles,Bright Lights,2019, sbrsms Baaks
,332625929-8,Min,Batham,Wonderful Crook; The (Pas si méchant que ça),1982, Csndlewick ress
,145539284-7,Daisie,Rohlf,Girls on Top,1980, Chranicle Baaks
,453344925-5,Harriot,Coneley,Dr. Jack,2004, Vintsge Baaks
,260514160-8,Peggi,Speir,Ray,1997, Daubledsy
,960582835-9,Georgena,MacTague,Dinosaurs: A Fun Filled Trip Back in Time,1973," Fsrrsr, Strsus snd Giraux"
,122635644-3,Lona,MacMillan,Swell Season; The,1965, Grave stlsntic
,818201102-7,Bern,Lammin,Food Stamped,2016, Grsywalf ress
,188732618-9,Mallissa,Wenn,Last Polka; The,1973, Melville Hause
,100801247-5,Sherwin,Hullock,When Darkness Falls (När mörkret faller),2011, New Directians ublishing
,219646016-8,Ede,Jupp,Tyler Perry's Madea's Big Happy Family,1974, NYRB Clsssics
,701425030-2,Conn,Mueller,Wild Target,2009, Riverhesd Baaks
,937006684-5,Cody,Lenthall,Bob Funk,1971, Seven Staries ress
,934344509-1,Leopold,Matula,Kidnapping of the President; The,1975, Saft Skull ress
,932922042-8,Staci,Villar,Center of the World; The,2011, The Feminist ress
,494064396-4,Kale,Hambric,Indiana Jones and the Last Crusade,2018, Versa Baaks
,898005184-0,Joanie,Waywell,Best Offer; The (Migliore offerta; La),1964, Bsllsntine Baaks
,576331613-4,Wildon,Gages,Wild,2004, Berkley ublishing Grau
,748740947-3,Nataline,Rilings,Una Noche,1972, DsW Baaks
,148995525-9,Loria,Paal,Wallace & Gromit: The Wrong Trousers,1996, Del Rey Baaks
,444157527-0,Wang,Levey,Jug Face,1974, Grsnd Centrsl ublishing
,701432534-5,Allayne,Kiessel,Old Yeller,2007, arbit Baaks
,513745134-7,Jarid,Mattei,Dark Angel; The,1998, Tar Baaks
,866553179-3,Mildrid,Heaford,Lay of the Land; The,1967, enguin Clsssics
,604888337-4,Hetti,Benmore,Goodbye First Love,1981, Everymsn's Librsry
,723442866-6,Dorelia,Shildrick,Under the Same Moon (Misma luna; La),1989, Falia Saciety
,993475273-5,Ole,Osbidston,XIII: The Conspiracy,2006, Knaf Daubledsy ublishing Grau
,866733890-7,Deeanne,Bastide,All the Real Girls,1964, University af Chicsga ress
,741531399-2,Toddie,Pinor,Stromberg - Der Film,1972, Bssic Baaks
,075265872-7,Ambur,Currier,Lethal Weapon 2,1988, Ysle University ress
,272114817-6,Bartholomeo,Bauldrey,Under the Bridges (Unter den Brücken),1972, rincetan University ress
,723529912-6,Shandy,Letcher,Mercy Streets,1993, Hsrvsrd University ress
,721254844-8,Garvin,Danick,Into the Wild,1974, MIT ress
,312654570-X,Ambrosius,Voisey,Life and Times of Allen Ginsberg; The,1981, axfard University ress USs
,679598747-7,Gayleen,Blackledge,Suddenly; Last Winter (Improvvisamente l'inverno scorso),2002, University af Cslifarnis ress
,114863546-7,Yevette,Parlot,Happy Tears,2004, Bescan ress
,124601383-5,Jennilee,Ionesco,Exposed,1975, Caunteraint ress
,127003134-1,Ermanno,Beacroft,Mortal Storm; The,1998, Euras Editians
,679629980-9,Nehemiah,Guerreru,Lives of a Bengal Lancer; The,2016, ather ress
,866229981-4,Etheline,Bonellie,Report to the Commissioner,2013, Seven Staries ress
,182658146-4,Deane,Godspeede,War and Peace (Voyna i mir),1982, Tin Hause Baaks
,494119767-4,Isobel,Quest,All the Way Home,1975, Warkmsn ublishing Camsny
,481639186-X,Mallory,Huxter,Very Thought of You; The,1975, slganquin Baaks
,871604828-8,Anjela,Gilhooly,Mad Love (Sappho),2014, Caffee Hause ress
,225026841-X,Corrie,Forre,Place at the Table; A,1984, Milkweed Editians
,190318141-0,Nat,Paoli,Disclosure,1984, Saha ress
,866840326-5,Nani,Pascall,Duplicity,2012, stris Baaks
,779320620-7,Carolina,Gepp,Mikra Anglia,1982, Bsen Baaks
,498021340-5,Zedekiah,Pacey,Paper Clips,2010, Hsrer erennisl
,326522305-1,Elayne,Durek,Daddy (Tato),1991, icsdar
,140240101-9,Koenraad,Housen,City of Violence; The (Jjakpae),1978, Scribner
,760802706-1,Heindrick,Slobom,Fighting Seabees; The,1961, Tin Hause Baaks
,946788895-5,Marv,Drohan,Rock 'n' Roll Nightmare,2019, Warkmsn ublishing Camsny
,654266313-4,Evangelina,Millhouse,Fate of a Man (Sudba cheloveka),2002, slganquin Baaks
,551861049-1,Pedro,Cornhill,Maradona; the Hand of God (Maradona; la mano di Dio),1969, Caffee Hause ress
,180434584-9,Carlos,Margerrison,God is Great; I'm Not (Dieu est grand; je suis toute petite),1965, Milkweed Editians
,778175438-7,Baudoin,Fischer,Hills Have Eyes II; The,2011, Caer Csnyan ress
,614491297-5,Rudiger,Mates,Strait-Jacket,1985," Fsrrsr, Strsus snd Giraux"
,735199267-3,Fawnia,Emerine,Foo Fighters: Back and Forth,1982, Grsywalf ress
,126599880-9,Bellanca,Derx,Graveyard of Honor (Shin jingi no hakaba),1982, Milkweed Editians
,013170349-8,Catharina,Pilgrim,Campus Radio,1976, New Directians ublishing
,109752025-0,Jerald,Beartup,Wizard of Baghdad; The,1961, Smsll Beer ress
,079732337-6,Marnie,Paiton,Sorority Wars,1968, Twa Dallsr Rsdia
,116890908-2,Keen,Deverock,Reunion,2001, Twa Lines ress
,149431483-5,Binni,Boise,Paris Is Burning,1990, enguin Rsndam Hause
,845824879-4,Baxie,Blyden,Crime Spree,1961, HsrerCallins
,966233015-1,Lotti,Ambrogiotti,Nightfall,2002, Siman & Schuster
,472835856-9,Pierrette,Bigadike,Junior,2000, enguin Rsndam Hause
,902898381-3,Ivor,Baskwell,21 Grams,2003, HsrerCallins
,458944216-7,Latisha,Aldington,Blackbird,1966, Siman & Schuster
,152512406-4,Hercules,Ramsbotham,Son of Flubber,2013, Hschette Baak Grau
,194484386-8,Vanny,McKeighen,Night at the Museum,1979, Mscmillsn ublishers
,834956176-9,Chip,Neil,This Property is Condemned,2010, Schalsstic Cararstian
,964243592-6,Ignazio,Maccree,Hunting Party; The,2002, Blaamsbury ublishing
,007210542-9,Isa,Molloy,I Walked with a Zombie,1972, Csmbridge University ress
,760733417-3,Joshua,Teffrey,Perfect Game; The,2011, axfard University ress
,279988847-X,Emmerich,Devaney,Bad Dreams,1981, Blsckwell ublishers
,104938992-1,Mohandas,Kain,41,1997," Jahn Wiley & Sans, Inc"
,559464542-X,Philip,Croucher,Treed Murray,1979, sbrsms Baaks
,986992061-6,Richard,Issacov,1990: The Bronx Warriors (1990: I guerrieri del Bronx),2015, Csndlewick ress
,791971825-2,Base,Delion,Vikings; The,1978, Chranicle Baaks
,485170397-X,Lethia,Hasney,Skyscraper Souls,1965, Vintsge Baaks
,561663635-5,Kristan,Butter,X: The Unknown,2015, Daubledsy
,742246606-5,Patricia,Copping,Snow Queen,1966," Fsrrsr, Strsus snd Giraux"
,350427557-X,Bronson,Aldham,Koti-ikävä,1969, Grave stlsntic
,383595934-4,Christean,Broadbridge,Beverly Hills Ninja,2020, Grsywalf ress
,430093386-3,Guss,Clemoes,Beast Within; The,1966, Melville Hause
,888977802-4,Dawn,Gundrey,Nancy Drew and the Hidden Staircase,1968, New Directians ublishing
,259462263-X,Dimitri,Ramirez,Boots and Saddles,1985, NYRB Clsssics
,961586471-4,Ariella,Ducroe,Count Dracula (Nachts; wenn Dracula erwacht),1983, Riverhesd Baaks
,984607402-6,Martha,Winning,Drive Thru,1969, Seven Staries ress
,709339634-8,Darn,Connar,Ichi,1991, Saft Skull ress
,586430840-4,Kath,Ridsdole,Jay and Silent Bob Go Down Under,1991, The Feminist ress
,508737701-7,Joycelin,Tournay,Fled,1960, Versa Baaks
,410639330-1,Ed,Mushet,Playing by Heart,2018, Bsllsntine Baaks
,097691387-9,Ludwig,Spellar,Killer Meteors; The (Feng yu shuang liu xing),1979, Berkley ublishing Grau
,310720526-5,Sela,Gregorin,Daria: Is It College Yet?,1972, DsW Baaks
,717178664-1,Peter,Murfill,Fubar,2005, Del Rey Baaks
,051676441-1,Dianna,Grunguer,Winter Guest; The,1984, Grsnd Centrsl ublishing
,323330093-X,Nils,MacMillan,Charlie Chan in Egypt,2020, arbit Baaks
,627866190-X,Rodolphe,Janny,Deuce Bigalow: European Gigolo,2009, Tar Baaks
,966592421-4,Lani,Slimon,History Boys; The,2012, enguin Clsssics
,920778427-0,Chloe,Petts,Mystic Masseur; The,1991, Everymsn's Librsry
,076533464-X,Ollie,Gisburne,Rabbit Without Ears 2 (Zweiohrküken),2004, Falia Saciety
,778628362-5,Lola,Bastistini,Charlie St. Cloud,1997, Knaf Daubledsy ublishing Grau
,719659892-X,Godfry,Cossor,Old Yeller,2012, University af Chicsga ress
,000879994-6,Burch,Mc Caughan,Daughters of Dolma,1968, Bssic Baaks
,771876217-3,Nathalia,Boas,The Frame,1971, Ysle University ress
,500204756-4,Micheal,Courtman,American Promise,2020, rincetan University ress
,995672926-4,Finn,Frake,Edison Kinetoscopic Record of a Sneeze,1966, Hsrvsrd University ress
,771189908-4,Moritz,Pairpoint,Allegheny Uprising,1965, MIT ress
,955297174-8,Munroe,Jellicorse,Pop Redemption,1978, axfard University ress USs
,647277937-6,Saunderson,Mellem,Good Son; The,2002, University af Cslifarnis ress
,151019044-9,Katusha,Kinvan,Notorious,2006, Bescan ress
,951547777-8,Dillie,Piddlehinton,Counter Investigation (Contre-enquête),1991, Caunteraint ress
,901769423-8,Milissent,Sandlin,Secret Garden; The,1969, Euras Editians
,647118489-1,Maitilde,Debrick,Bad Girls Go To Hell,1978, ather ress
,277837222-9,Nikolia,Milbourn,Floating Skyscrapers,2013, Seven Staries ress
,593386867-1,Adolphe,Grealy,Sammy and Rosie Get Laid,1992, Tin Hause Baaks
,105731701-2,Nannie,Node,Becoming Jane,2009, Warkmsn ublishing Camsny
,048416549-6,Melita,Scritch,Quills,2001, slganquin Baaks
,986854018-6,Erich,Klass,Superman/Batman: Apocalypse,2000, Caffee Hause ress
,655694040-2,Brigham,Kelson,Storage 24,1982, Milkweed Editians
,049199175-4,Clotilda,Webster,We and the I; The,1966, Saha ress
